gene	fraction_spots_detected
MT-CO1	1.0
MT-CO2	1.0
MT-ATP6	1.0
MT-CO3	1.0
MT-ND4	1.0
MT-ND2	0.9995267392333176
MT-CYB	0.9995267392333176
MT-ND1	0.9992901088499764
MT-ND3	0.9981069569332702
FTH1	0.995740653099858
MT3	0.9952673923331756
CST3	0.9931377188831045
RPL41	0.9926644581164221
MT-ND5	0.981779460482726
CLU	0.9813061997160435
GAPDH	0.9779933743492665
RPLP1	0.9763369616658779
EEF1A1	0.9734973970657832
MTRNR2L12	0.9723142451490772
FTL	0.969947941315665
TMSB10	0.9692380501656412
RPL34	0.9647420728821581
ACTB	0.9640321817321345
SELENOW	0.9588263132986276
NDUFA4	0.9552768575485092
CALM1	0.9531471840984382
RPL32	0.9517274017983909
GNAS	0.9505442498816848
RPL13	0.9477046852815901
TMSB4X	0.9474680548982489
RPL37A	0.9434453383814482
RPS12	0.943208707998107
RPS28	0.942262186464742
RPS26	0.9415522953147184
CKB	0.940132513014671
CALM2	0.938949361097965
COX6C	0.9380028395646001
NRGN	0.9380028395646001
SNAP25	0.9377662091812589
TUBA1B	0.9358731661145291
COX6A1	0.9358731661145291
CCK	0.9342167534311405
COX4I1	0.9318504495977283
RPS27A	0.9306672976810223
RPS15	0.9306672976810223
RPL10	0.9233317557974444
PCSK1N	0.9223852342640795
ITM2B	0.9216753431140559
RPS21	0.9209654519640322
MTRNR2L1	0.9202555608140085
RPL30	0.9174159962139139
RPS24	0.9174159962139139
UBB	0.9174159962139139
RPL28	0.9162328442972077
RPL37	0.9138665404637956
RPS8	0.912210127780407
PPIA	0.910080454330336
ATP5F1E	0.9093705631803124
SPARCL1	0.9091339327969711
ACTG1	0.9081874112636062
RPS14	0.907950780880265
RPL36	0.9046379555134879
MT-ND4L	0.9017983909133933
HSP90AB1	0.8965925224798864
CAMK2N1	0.8937529578797918
OLFM1	0.8928064363464269
RPL19	0.8923331755797445
HSP90AA1	0.8902035021296735
TPT1	0.8890203502129673
YWHAH	0.8883104590629437
RPS27	0.8880738286796025
RPL29	0.8873639375295788
RPLP2	0.8864174159962139
RPL8	0.8861807856128727
VSNL1	0.883341221012778
DYNLL1	0.883341221012778
FAU	0.8828679602460956
CALM3	0.881211547562707
RPS3A	0.8809749171793658
PEBP1	0.8760056791292002
RPL13A	0.8760056791292002
UCHL1	0.8752957879791765
PSAP	0.8726928537624231
RPL18	0.8722195929957407
RPS23	0.8719829626123994
STMN1	0.8696166587789872
RTN3	0.869380028395646
RPL39	0.8670137245622338
GPM6A	0.8653573118788452
RPL21	0.8653573118788452
PTGDS	0.8648840511121628
HSPA8	0.8648840511121628
RPS29	0.8634642688121155
RPS18	0.8606247042120209
UBC	0.8606247042120209
RPS13	0.8587316611452911
MBP	0.8580217699952674
COX5B	0.8556554661618552
ATP1B1	0.855418835778514
CFL1	0.8551822053951728
RPL31	0.8542356838618078
GPX4	0.8539990534784666
RPL35A	0.8528159015617606
RPL9	0.8513961192617132
RPL7A	0.851159488878372
RPL18A	0.8461902508282063
RTN1	0.8428774254614293
RPL15	0.8416942735447231
TPI1	0.8386180785612872
MALAT1	0.8376715570279224
MAP1B	0.8343587316611453
CHN1	0.8341221012778041
SERF2	0.8324656885944155
HINT1	0.8300993847610033
GUK1	0.8298627543776621
COX7C	0.8298627543776621
RPL26	0.8298627543776621
CPE	0.8293894936109797
EIF1	0.8291528632276385
PKM	0.8251301467108376
UQCRB	0.8246568859441552
RPL11	0.8234737340274492
OAZ1	0.8225272124940842
C9orf16	0.8220539517274018
THY1	0.8220539517274018
RPL24	0.8208707998106957
UQCR11	0.8203975390440132
SLC1A2	0.8187411263606247
RPL14	0.8185044959772835
RPS19	0.8180312352106011
TUBB2A	0.8173213440605773
RPL38	0.8154283009938476
RPS7	0.8109323237103644
RPL6	0.8090392806436346
RTN4	0.8085660198769522
UQCRQ	0.8076194983435874
YWHAZ	0.80619971604354
SKP1	0.8057264552768576
RPL35	0.8054898248935163
IDS	0.7986275437766209
GLUL	0.7983909133932797
ATP5ME	0.7967345007098912
BEX3	0.7946048272598202
APOE	0.7941315664931378
RPS2	0.793421675343114
RPL12	0.7927117841930904
SYT1	0.791292001893043
RPS4X	0.7882158069096072
SNRPN	0.7877425461429247
NORAD	0.7870326549929011
RPL4	0.7853762423095125
COX8A	0.7844297207761477
TUBA1A	0.7841930903928065
DPYSL2	0.7818267865593942
YWHAG	0.7808802650260294
MYL6	0.7796971131093232
ENC1	0.779460482725982
YWHAE	0.7792238523426408
RPS15A	0.7785139611926172
RPS11	0.7756743965925225
PTMA	0.7702318977756744
ELOB	0.7690487458589683
DNM1	0.7659725508755324
MTRNR2L8	0.7659725508755324
RPL23A	0.7638428774254614
BASP1	0.7636062470421202
PRDX5	0.7631329862754378
RPS25	0.7626597255087553
ALDOC	0.7621864647420729
SOD1	0.761239943208708
TMA7	0.7610033128253668
RPL3	0.7607666824420256
ATP5MD	0.7602934216753431
MT-ATP8	0.7550875532418363
AP2M1	0.7536677709417889
NDUFS5	0.7531945101751065
ARPP19	0.7522479886417416
TOMM7	0.7503549455750118
NDUFA3	0.7489351632749645
ATP5F1B	0.7486985328916232
ATP5MPL	0.7477520113582584
COPS9	0.7470421202082347
CHCHD2	0.7470421202082347
APP	0.7470421202082347
RPSA	0.7439659252247989
ATP5F1D	0.7432560340747753
TSPAN7	0.7418362517747279
TMEM59L	0.7415996213913867
EEF1A2	0.7399432087079981
MDH1	0.7368670137245622
UQCR10	0.7368670137245622
RPS3	0.7363937529578798
C1orf61	0.7359204921911974
BEX1	0.7352106010411736
RPS6	0.7340274491244676
SNCB	0.7335541883577852
LDHB	0.7333175579744439
PGAM1	0.7330809275911027
UBA52	0.732371036441079
RPL22	0.7318977756743966
EIF4A2	0.7314245149077141
RPL7	0.7309512541410317
COX6B1	0.7309512541410317
COX7A2	0.7302413629910081
SCGB2A2	0.7302413629910081
C4orf48	0.7288215806909607
GNG3	0.7276384287742547
RPS5	0.7271651680075721
VAMP2	0.7269285376242309
SLC17A7	0.7236157122574538
NDUFA13	0.7221959299574066
NACA	0.7219592995740653
STXBP1	0.7214860388073828
NEFL	0.719592995740653
NDRG2	0.7191197349739706
MZT2B	0.7181732134406058
NDUFB2	0.7174633222905821
RPS10	0.7172266919072409
CCDC85B	0.7146237576904875
B2M	0.7129673450070989
GFAP	0.7127307146237577
MORF4L1	0.7117841930903928
FBXL16	0.7108376715570279
RPL27	0.709891150023663
PRNP	0.709891150023663
AES	0.7089446284902982
UQCRH	0.7082347373402745
CHCHD10	0.707761476573592
ENO2	0.706578324656886
SRP14	0.7058684335068622
S100B	0.7053951727401798
ENO1	0.704448651206815
CLSTN1	0.702318977756744
YWHAB	0.7016090866067203
EEF2	0.7016090866067203
PFDN5	0.7013724562233791
CTXN1	0.7011358258400379
GAP43	0.6997160435399905
ATP1A3	0.6987695220066257
RPS16	0.6956933270231898
UBL5	0.69380028395646
MTCH1	0.6935636535731188
SLC22A17	0.692617132039754
ATP5MF	0.6923805016564126
STMN2	0.6921438712730714
NDUFB1	0.687411263606247
SPTBN1	0.6871746332229058
SARAF	0.6850449597728349
MGST3	0.6829152863227639
LMO4	0.6800757217226692
APLP1	0.679839091339328
NDUFA1	0.6796024609559868
NDUFB8	0.6796024609559868
RPL10A	0.6743965925224799
TSC22D1	0.6741599621391386
PRDX2	0.6727401798390913
RPL23	0.6720302886890677
RPL5	0.6708471367723615
NDUFB9	0.6684808329389493
PLP1	0.6682442025556081
PIN1	0.6663511594888784
FXYD6	0.6658778987221959
SERPINI1	0.6632749645054425
ATP5PF	0.6625650733554188
CTSD	0.6620918125887364
GPM6B	0.660672030288689
JUND	0.6580690960719356
ATP6V0B	0.6578324656885944
YPEL3	0.6552295314718409
NCDN	0.6547562707051585
ATP5MG	0.6547562707051585
PRKAR1B	0.6540463795551349
DKK3	0.6538097491717937
TSPYL1	0.6533364884051113
COX7B	0.6481306199716044
ITM2C	0.6478939895882632
MAP2	0.647657359204922
ATP5F1A	0.647657359204922
APBB1	0.6452910553715097
ATP1A1	0.6433980123047799
ATP5MC3	0.6412683388547089
KLC1	0.6393752957879791
SERINC1	0.6377188831045907
NDRG4	0.637008991954567
PLD3	0.6353525792711784
RTL8C	0.6351159488878372
FKBP8	0.6344060577378136
GPI	0.6341694273544723
PPDPF	0.6329862754377662
GDI1	0.632749645054425
MAP1A	0.6325130146710838
TAGLN3	0.6322763842877426
PPP2R1A	0.6313298627543776
RPLP0	0.6299100804543304
SYP	0.628490298154283
CD63	0.6277804070042593
STMN3	0.6270705158542357
NDFIP1	0.626360624704212
SEPT7	0.6251774727875059
DSTN	0.6247042120208235
ATP5IF1	0.6235210601041173
CRYAB	0.6223379081874113
LGALS1	0.6211547562707052
CD81	0.6206814955040227
ARHGDIG	0.6204448651206815
ENHO	0.619971604353999
SPTAN1	0.6192617132039754
LY6H	0.617841930903928
NDUFC2	0.617841930903928
PEA15	0.6168954093705632
RPS9	0.6161855182205395
TMEM160	0.6159488878371983
ATP5MC2	0.6147657359204922
CALY	0.6131093232371037
CCNI	0.6128726928537624
NEDD8	0.6107430194036915
PPP3CA	0.6086133459536205
MT2A	0.6076668244202555
NDUFB4	0.6064836725035495
BSG	0.6050638902035022
FAIM2	0.6031708471367724
TUBB	0.6015144344533838
RACK1	0.6000946521533365
RGS4	0.5986748698532892
PARK7	0.5937056318031235
ARF3	0.5932323710364411
GRIN1	0.5925224798864174
PHYHIP	0.5915759583530525
GNB1	0.589919545669664
PTMS	0.5884997633696166
NCS1	0.5880265026029342
RAB3A	0.5868433506862281
TTC9B	0.585660198769522
GHITM	0.5854235683861808
DYNLRB1	0.5854235683861808
ARF1	0.5844770468528159
MAP1LC3A	0.5844770468528159
PFN2	0.5842404164694747
SUMO2	0.5840037860861335
SLC25A6	0.5825840037860861
ATP6V1E1	0.5825840037860861
SUB1	0.5823473734027449
SYT11	0.5814008518693801
SYN1	0.5797444391859915
C12orf57	0.5792711784193091
TUBB4A	0.5792711784193091
NPTN	0.5785612872692854
ATP6V1F	0.5778513961192617
CLTC	0.5769048745858968
RPS20	0.5761949834358732
PRDX1	0.573828679602461
NDUFA11	0.5726455276857548
NDUFB7	0.5709891150023663
BEX2	0.5707524846190251
PGK1	0.5702792238523426
FIS1	0.5693327023189777
METRN	0.5688594415522953
KIF1A	0.5686228111689541
MTURN	0.5676762896355892
FXYD7	0.567439659252248
PI4KA	0.567439659252248
SNCA	0.5657832465688595
LY6E	0.5657832465688595
ATP5PO	0.5657832465688595
KIF5A	0.5641268338854709
TXN	0.5634169427354472
SCGB1D2	0.5634169427354472
SNX3	0.5629436819687648
MINOS1	0.5627070515854236
SLC25A3	0.5624704212020823
NAA38	0.5617605300520587
ARL6IP1	0.5612872692853762
RUNDC3A	0.5608140085186938
NDUFB11	0.5601041173686702
RHBDD2	0.5593942262186464
COX5A	0.5582110743019404
RABAC1	0.5575011831519167
EDF1	0.5563180312352106
H3F3A	0.5558447704685282
SELENOM	0.5548982489351633
NAPB	0.5537150970184572
GABARAPL2	0.5534784666351159
PCBP2	0.5487458589682915
RPL36AL	0.5485092285849503
HOPX	0.5482725982016091
GNAO1	0.5480359678182679
CABP1	0.547089446284903
RPL36A	0.544959772834832
HMGB1	0.5435399905347846
MORF4L2	0.5416469474680549
PREPL	0.5414103170847137
KRT19	0.5409370563180312
CAPNS1	0.54070042593469
NTRK2	0.5376242309512541
MLF2	0.5376242309512541
POLR2L	0.5359678182678655
PFN1	0.5359678182678655
PRKCB	0.5357311878845243
C1QTNF4	0.5352579271178419
WBP2	0.5352579271178419
S100A6	0.5343114055844771
NSF	0.5328916232844297
NDUFC1	0.5302886890676763
ATP6V0E2	0.5291055371509702
BEX4	0.527922385234264
RAB6B	0.5262659725508755
PINK1	0.5257927117841931
HNRNPA1	0.5257927117841931
ATP2A2	0.5253194510175107
B4GAT1	0.5250828206341694
SH3BGRL3	0.5243729294841457
APLP2	0.5243729294841457
SEZ6L2	0.5236630383341221
GTF2I	0.5234264079507809
MLLT11	0.5231897775674397
EEF1B2	0.522479886417416
MARCKS	0.522479886417416
NUCKS1	0.5222432560340747
ATP6V1G2	0.5215333648840511
MIF	0.5201135825840038
WSB2	0.5196403218173213
RPL27A	0.5189304306672977
REEP5	0.518220539517274
ATP5PD	0.5172740179839092
RNF187	0.5163274964505442
LDHA	0.5163274964505442
LAMTOR4	0.516090866067203
SNCG	0.5158542356838618
DBI	0.5156176053005206
RAC1	0.5141978230004732
PRKAR1A	0.5141978230004732
RNF11	0.5137245622337908
DMTN	0.5137245622337908
TRIR	0.5132513014671084
NAPA	0.5132513014671084
CTSB	0.512778040700426
NDUFAB1	0.5123047799337435
PTPRN	0.5106483672503549
TTYH1	0.5080454330336015
S100A13	0.5078088026502603
SCG5	0.5073355418835779
DCTN1	0.5066256507335541
HNRNPK	0.5061523899668717
SLC1A3	0.5052058684335069
CAMK2B	0.5033128253667771
ANK2	0.5028395646000946
MOAP1	0.5026029342167534
SCD	0.5023663038334122
CA11	0.5018930430667298
RAN	0.5011831519167061
BAALC	0.5004732607666824
YWHAQ	0.4997633696166588
PSD	0.4997633696166588
EVL	0.4985802176999527
CRIP2	0.49834358731661144
TMBIM6	0.49739706578324655
CPLX2	0.49692380501656414
SNRPD2	0.4966871746332229
AP2S1	0.49645054424988166
MRFAP1	0.49597728348319925
MARCKSL1	0.4955040227165168
HNRNPA2B1	0.4929010884997634
CPLX1	0.4921911973497397
TSPAN3	0.4917179365830573
SEPT3	0.4912446758163748
SCD5	0.4910080454330336
CYCS	0.4898248935163275
GABRA1	0.48958826313298626
AK5	0.48911500236630384
GRINA	0.48911500236630384
PCMT1	0.4874585896829153
SNU13	0.486038807382868
DYNC1H1	0.4855655466161855
FAM107A	0.4853289162328443
SCG3	0.4834358731661145
ATP2B2	0.48248935163274964
CEND1	0.4820160908660672
ATP6V0A1	0.48106956933270234
ANAPC11	0.48106956933270234
NDUFS8	0.48059630856601987
FKBP1A	0.48035967818267866
ENSA	0.4777567439659252
CIRBP	0.4777567439659252
VDAC1	0.477520113582584
ATP6V0D1	0.4768102224325603
NLRP1	0.4768102224325603
PNMA2	0.4765735920492191
MAST3	0.4763369616658779
CUTA	0.4751538097491718
TUBB4B	0.47491717936583056
CAMK2A	0.47468054898248935
PABPC1	0.47444391859914814
GABARAPL1	0.47373402744912446
EID1	0.4730241362991008
CLTB	0.4727875059157596
ACOT7	0.4718409843823947
C19orf70	0.4718409843823947
TUBA4A	0.4713677236157123
MEF2C	0.4713677236157123
USP11	0.4708944628490298
CHGA	0.4697113109323237
TBCA	0.46923805016564124
ISCU	0.46900141978230003
CBX6	0.46781826786559394
SEC62	0.46758163748225273
NEFM	0.46710837671557026
SLC25A4	0.46592522479886417
NGEF	0.46568859441552296
NPTXR	0.46568859441552296
C16orf45	0.46545196403218175
PPP1CB	0.46450544249881687
SEC61G	0.46450544249881687
MGP	0.4640321817321344
BRK1	0.4628490298154283
MAP4	0.4628490298154283
NDUFB10	0.4628490298154283
CNP	0.46237576904874583
MYL6B	0.4619025082820634
MAP1LC3B	0.4619025082820634
ATP2B1	0.46095598674869853
NDUFS7	0.46024609559867485
TOMM20	0.46000946521533365
TOLLIP	0.45882631329862755
BLOC1S1	0.45882631329862755
ATP1A2	0.45858968291528635
PHPT1	0.4583530525319451
NAP1L1	0.4581164221486039
MUC1	0.45764316138192146
NDUFA5	0.45764316138192146
PJA2	0.4574065309985802
ATP5MC1	0.4574065309985802
SV2A	0.457169900615239
H3F3B	0.457169900615239
FBXO2	0.4566966398485566
KIF5C	0.4557501183151917
NDUFA2	0.4557501183151917
DGKZ	0.4555134879318504
HLA-A	0.4552768575485092
DCLK1	0.455040227165168
METTL26	0.455040227165168
TMEM130	0.4548035967818268
MRPL41	0.4536204448651207
PRKACB	0.45291055371509703
HLA-B	0.4526739233317558
ATP1B2	0.45101751064836726
NCKAP1	0.4503076194983436
H2AFZ	0.4488878371982963
TXNL4A	0.448651206814955
SQSTM1	0.4469947941315665
DYNLL2	0.44675816374822525
ANXA6	0.44652153336488404
SYN2	0.4460482725982016
CYFIP2	0.4460482725982016
NENF	0.44533838144817794
QDPR	0.44439185991481306
PAK1	0.4436819687647894
ATOX1	0.4434453383814482
SARS	0.44320870799810697
CSRP1	0.44320870799810697
GOT1	0.44320870799810697
KIF3C	0.44297207761476576
UQCRC1	0.44297207761476576
CD74	0.44297207761476576
HPCAL1	0.4424988168480833
TERF2IP	0.44202555608140087
DNAJA1	0.441079034548036
NDUFV1	0.441079034548036
OCIAD1	0.4406057737813535
MRPS21	0.4403691433980123
MYL12B	0.4403691433980123
HSPB1	0.4401325130146711
EIF4G2	0.4401325130146711
POLR2I	0.43989588263132984
EIF4H	0.4394226218646474
HSPE1	0.43871273071462374
USP22	0.43847610033128254
HSBP1	0.43658305726455277
HSP90B1	0.43634642688121156
BEX5	0.4356365357311879
VGF	0.43539990534784667
SLC12A5	0.4349266445811642
CLIP3	0.4349266445811642
MAPK8IP2	0.4349266445811642
MEG3	0.4342167534311406
NAT8L	0.4335068622811169
HCFC1R1	0.4335068622811169
C19orf53	0.4335068622811169
GADD45GIP1	0.43303360151443443
PSMA7	0.43208707998106954
OST4	0.43185044959772834
EIF3K	0.43161381921438713
PPP3CB	0.4313771888310459
NNAT	0.4313771888310459
GSTP1	0.43114055844770466
MARCH6	0.43090392806436345
BTF3	0.42995740653099856
ATP6V1B2	0.42972077614765736
FEZ1	0.42948414576431615
UQCRFS1	0.42853762423095126
RHOB	0.4280643634642688
ARL6IP4	0.4280643634642688
VAPA	0.4278277330809276
DDN	0.42735447231424517
RHOA	0.4271178419309039
SSR4	0.4268812115475627
SELENOH	0.4264079507808803
AGAP3	0.42498816848083293
PACSIN1	0.42427827733080925
TCEAL4	0.42427827733080925
ZFAND5	0.42427827733080925
CXCL14	0.42404164694746804
NHP2	0.42380501656412684
STUB1	0.42309512541410316
NELL2	0.42214860388073827
SCAMP5	0.42191197349739706
NDUFA12	0.42167534311405586
DDX24	0.4212020823473734
C1orf122	0.42049219119734976
FKBP2	0.4197823000473261
SYT4	0.4193090392806436
NSMF	0.4190724088973024
STX1B	0.4190724088973024
CANX	0.4181258873639375
ATP6V1A	0.4176526265972551
KLHDC3	0.41741599621391384
HIGD1A	0.41717936583057263
GABBR1	0.4167061050638902
ATP6AP1	0.41599621391386654
DNAJB6	0.41457643161381924
COX7A1	0.41457643161381924
PTGES3	0.4133932796971131
H1FX	0.41268338854708947
NPDC1	0.4124467581637482
ABR	0.4124467581637482
CHGB	0.4117368670137246
UBE2M	0.4112636062470421
SERINC3	0.4110269758637009
JTB	0.4107903454803597
CTNNB1	0.4107903454803597
TBCB	0.4107903454803597
PCBP1	0.40913393279697113
TRIM2	0.40913393279697113
SRP9	0.4088973024136299
PSMB4	0.40818741126360625
NCALD	0.40818741126360625
DNAJC6	0.40795078088026504
MZT2A	0.40795078088026504
APOD	0.40747752011358257
GABBR2	0.40747752011358257
NECAB1	0.40724088973024136
PPP2CA	0.40700425934690015
PSMD8	0.40582110743019406
HPCA	0.4055844770468528
NDUFAF8	0.4046379555134879
MAPRE2	0.4041646947468055
NUDT4	0.4034548035967818
MAGED1	0.4032181732134406
SNN	0.4032181732134406
SIRPA	0.4032181732134406
ALDOA	0.40250828206341693
AURKAIP1	0.4022716516800757
SLIRP	0.4020350212967345
ACO2	0.4020350212967345
FLOT1	0.40156176053005205
ATP6AP2	0.40132513014671084
CDC42	0.40108849976336963
CLTA	0.40108849976336963
SYNGR1	0.40108849976336963
NCAM1	0.39895882631329865
ARPC3	0.3987221959299574
G3BP2	0.3984855655466162
ADGRB2	0.39801230477993377
CTBP1	0.39801230477993377
NBL1	0.3968291528632276
FABP3	0.3954093705631803
NAP1L3	0.3951727401798391
ROMO1	0.39493610979649785
SPINT2	0.39446284902981543
HNRNPDL	0.3942262186464742
RBX1	0.3942262186464742
CACYBP	0.39351632749645055
ARHGDIA	0.39327969711310934
MAPK1	0.3930430667297681
TTC3	0.39280643634642687
YJEFN3	0.39256980596308566
POMP	0.39233317557974445
TCEAL2	0.391859914813062
NDUFS6	0.3916232844297208
PAFAH1B1	0.3916232844297208
ABHD17A	0.3916232844297208
BNIP3	0.39138665404637957
CRYM	0.39138665404637957
SYNGR3	0.39115002366303836
WDR83OS	0.3906767628963559
NDUFA8	0.3902035021296735
RAB2A	0.389730241362991
IFI27	0.389730241362991
NSG2	0.3894936109796498
NDUFB6	0.3885470894462849
BAD	0.38783719829626123
SMIM37	0.38760056791292
ARL6IP5	0.38760056791292
MAPRE3	0.38689067676289635
TECR	0.38665404637955514
FAM213A	0.38618078561287267
LINGO1	0.38618078561287267
NDUFV2	0.38476100331282537
RPH3A	0.38428774254614295
NME1	0.3838144817794605
NRN1	0.3835778513961193
MDH2	0.3835778513961193
HTRA1	0.38334122101277807
DCXR	0.38334122101277807
STX1A	0.3831045906294368
SAP18	0.3831045906294368
PPA1	0.3828679602460956
INA	0.3823946994794132
CDIP1	0.3821580690960719
CNTN1	0.3819214387127307
COMMD6	0.3819214387127307
PSMB3	0.38121154756270703
SSU72	0.3807382867960246
PNMA1	0.3807382867960246
TMOD2	0.38026502602934215
ATP9A	0.38026502602934215
GLUD1	0.38002839564600094
HSPH1	0.37884524372929484
HNRNPU	0.37813535257927117
DRAP1	0.3774254614292475
CSDE1	0.3771888310459063
SPOCK2	0.3771888310459063
SREBF2	0.3771888310459063
GRIA2	0.37671557027922387
SCN1B	0.37647893989588266
HNRNPC	0.3760056791292002
TCEA2	0.3760056791292002
GABRD	0.3752957879791765
GAS7	0.3750591575958353
SLC25A5	0.3748225272124941
NRXN1	0.3745858968291529
PTOV1	0.3745858968291529
C4orf3	0.3738760056791292
PPP2CB	0.3738760056791292
MCRIP1	0.373639375295788
ATP5F1C	0.3729294841457643
KRT8	0.3726928537624231
SMDT1	0.3726928537624231
UBA1	0.37245622337908185
RAB1A	0.37221959299574064
MYO5A	0.37150970184571697
EIF5	0.37127307146237576
VPS28	0.37103644107903455
LMO3	0.37103644107903455
SCN3B	0.37079981069569334
DDX5	0.37079981069569334
PNKD	0.37008991954566967
CELF4	0.3696166587789872
CYC1	0.369380028395646
REX1BD	0.369380028395646
HK1	0.3691433980123048
ARL2	0.36867013724562236
RBFOX1	0.36867013724562236
S100A11	0.3684335068622811
TPPP	0.3684335068622811
RAB6A	0.3681968764789399
NRCAM	0.3674869853289162
PTN	0.3674869853289162
SET	0.3674869853289162
VIM	0.3674869853289162
CALR	0.367250354945575
TMEM219	0.36559394226218644
FASN	0.36512068149550403
SPRYD3	0.36441079034548035
IFITM3	0.36417415996213914
TMEM258	0.36417415996213914
RETREG2	0.36322763842877426
SH3GL2	0.36322763842877426
OTUB1	0.36322763842877426
MT1E	0.3627543776620918
HIGD2A	0.3625177472787506
TFF3	0.36228111689540937
NDUFB3	0.3618078561287269
FBXW7	0.3615712257453857
PFKP	0.3615712257453857
CNIH2	0.3606247042120208
DDT	0.3603880738286796
PSMB6	0.3601514434453384
KCNAB2	0.3594415522953147
VDAC2	0.35707524846190253
CTNND2	0.35636535731187885
FXYD1	0.35612872692853764
MAPK10	0.3558920965451964
NDRG3	0.35541883577851396
COPRS	0.35518220539517276
MPC2	0.3549455750118315
MAPT	0.3549455750118315
PSD3	0.3544723142451491
LAMTOR5	0.3537624230951254
EIF1B	0.3535257927117842
SPARC	0.3535257927117842
RHEB	0.3525792711784193
SNORC	0.3523426407950781
CAP2	0.3521060104117369
MRPL20	0.35186938002839563
PLEKHB2	0.35186938002839563
TMEM9	0.3516327496450544
COX17	0.3516327496450544
NUDC	0.3513961192617132
NDUFAF3	0.3513961192617132
MTPN	0.35068622811168954
COA3	0.3504495977283483
NRSN2	0.3504495977283483
SPCS1	0.34997633696166586
ATP6V1H	0.34997633696166586
PLEKHB1	0.34973970657832465
ELOC	0.34950307619498344
UQCRC2	0.34902981542830097
IGKC	0.34879318504495976
MGLL	0.34831992427827735
TSC22D4	0.34831992427827735
QKI	0.3480832938949361
SLC25A23	0.3480832938949361
HSPA5	0.3478466635115949
TMEM59	0.34761003312825367
PHACTR1	0.34761003312825367
SCG2	0.34690014197823
DIRAS2	0.34690014197823
RPS17	0.34690014197823
COPE	0.34690014197823
MAP2K1	0.3466635115948888
CADM2	0.3461902508282063
HLA-C	0.3459536204448651
GJA1	0.3459536204448651
TRMT112	0.3459536204448651
LAMTOR1	0.3459536204448651
PSMB5	0.3459536204448651
POLR2E	0.3459536204448651
RPL17	0.3457169900615239
FAM96B	0.3454803596781827
ERI3	0.3452437292948415
PHYHIPL	0.3452437292948415
CD59	0.3450070989115002
WASF1	0.344770468528159
SULT4A1	0.344770468528159
PRKCZ	0.3445338381448178
RPS19BP1	0.3445338381448178
PET100	0.3433506862281117
BCAP31	0.34287742546142924
NDUFA6	0.34287742546142924
SV2B	0.3424041646947468
EIF5A	0.3424041646947468
PAIP2	0.34216753431140556
DDX17	0.34216753431140556
COX14	0.34145764316138194
NDUFS2	0.34098438239469947
HMGCS1	0.34051112162801705
GSN	0.34051112162801705
SRI	0.3402744912446758
IGSF8	0.3400378608613346
ARPC4	0.3400378608613346
CAMKV	0.3400378608613346
ADD1	0.3398012304779934
DCTN3	0.3398012304779934
CREG2	0.3390913393279697
PDZD4	0.3390913393279697
TPM3	0.3383814481779461
REEP2	0.3381448177946048
STARD7	0.3379081874112636
ATXN10	0.3379081874112636
FAM131A	0.3374349266445812
CISD1	0.3367250354945575
ADIRF	0.3367250354945575
DAD1	0.33601514434453383
RNPS1	0.33601514434453383
TIMM13	0.3357785139611926
MRPL33	0.3355418835778514
NDUFB5	0.3355418835778514
THRA	0.33530525319451016
MXRA7	0.33530525319451016
SH3GLB2	0.33506862281116895
MAP7D1	0.33483199242782774
RCAN2	0.33483199242782774
EPN1	0.33483199242782774
TAF10	0.33459536204448653
OXR1	0.33435873166114527
CAPZB	0.33412210127780406
LRPAP1	0.33412210127780406
SCAND1	0.3331755797444392
LSM4	0.33270231897775676
SCOC	0.3317557974443919
GLS	0.3315191670610506
BLCAP	0.3312825366777094
CSNK2B	0.3305726455276858
B3GAT1	0.3303360151443445
TRAPPC1	0.3303360151443445
HSPA9	0.3300993847610033
VDAC3	0.3296261239943209
XBP1	0.32938949361097963
SYT5	0.3291528632276384
ALDH2	0.3289162328442972
INPP5F	0.328679602460956
PPFIA2	0.328679602460956
JPT1	0.32844297207761475
PNMA8A	0.32749645054424986
PRDX6	0.32702318977756745
EEF1D	0.32607666824420256
MAPK8IP1	0.32584003786086135
ITFG1	0.32584003786086135
CDK5R1	0.32584003786086135
GPRC5B	0.3256034074775201
BSN	0.3253667770941789
MRPL51	0.3253667770941789
PGRMC1	0.3251301467108377
CYP46A1	0.3251301467108377
GABRB2	0.324420255560814
MAP2K2	0.3241836251774728
SEPT8	0.3230004732607667
ZBTB18	0.3227638428774255
TUBB2B	0.3227638428774255
RANGAP1	0.322290582110743
TSPYL4	0.3218173213440606
IQSEC1	0.32158069096071934
CSTB	0.32158069096071934
KIF1B	0.32134406057737813
CHL1	0.3211074301940369
SLC39A10	0.3208707998106957
PTPRN2	0.3208707998106957
MMP24OS	0.32063416942735445
FSCN1	0.31992427827733083
SEC11C	0.31992427827733083
ARPC2	0.31968764789398957
CDKN2D	0.31968764789398957
IFI6	0.31945101751064836
PEG3	0.31921438712730715
UBE2D3	0.31897775674396595
SERP2	0.31897775674396595
SF3B6	0.3185044959772835
TGFBR3L	0.3185044959772835
MAGED2	0.31803123521060106
SLC6A1	0.3177946048272598
MEA1	0.3175579744439186
TUFM	0.3175579744439186
NPM1	0.3170847136772362
SNX10	0.3170847136772362
VPS35	0.3170847136772362
NAP1L2	0.3166114529105537
PSMC5	0.3166114529105537
EPS15	0.3161381921438713
FUS	0.3161381921438713
KIFAP3	0.31590156176053
ELAVL3	0.31590156176053
EPHB6	0.3156649313771888
BANF1	0.3156649313771888
HMGN2	0.3154283009938476
UGP2	0.3154283009938476
PTPA	0.31471840984382393
MAZ	0.31471840984382393
PSMB7	0.3144817794604827
ATL1	0.3144817794604827
EPB41L1	0.3144817794604827
SNAP91	0.3142451490771415
SEM1	0.3142451490771415
LZTS3	0.3142451490771415
HNRNPH1	0.31377188831045905
ATP13A2	0.31353525792711784
SERPINE2	0.31329862754377663
PSMB1	0.31329862754377663
TMEM141	0.31329862754377663
CCT7	0.3130619971604354
TPRG1L	0.31282536677709416
ATP5PB	0.31258873639375295
PFDN2	0.31235210601041175
PPP2R2C	0.31211547562707054
HNRNPA0	0.31211547562707054
SNRNP25	0.3118788452437293
PITHD1	0.31164221486038807
SORT1	0.31140558447704686
SCRG1	0.31116895409370565
ATP6V1G1	0.310459062943682
PPIB	0.310459062943682
ITPK1	0.3097491717936583
LSM7	0.3097491717936583
DCTN2	0.3095125414103171
CAMKK2	0.3095125414103171
EMC4	0.3095125414103171
PDP1	0.3088026502602934
KIF21A	0.3088026502602934
ADCY1	0.308329389493611
STRAP	0.308329389493611
CTSF	0.3078561287269285
MBOAT7	0.3078561287269285
ARNT2	0.3076194983435873
IGFBP7	0.3073828679602461
KIAA0513	0.30667297681022243
PDXK	0.3064363464268812
ZNHIT1	0.30619971604354
DDAH1	0.30596308566019875
TCF25	0.30596308566019875
DLGAP1	0.30596308566019875
CRMP1	0.30572645527685754
ATP6V1C1	0.30572645527685754
CCND2	0.30548982489351634
CAMTA1	0.30454330336015145
PDCD5	0.30454330336015145
HNRNPA3	0.30430667297681024
AARS	0.3038334122101278
CLPTM1	0.3038334122101278
LANCL1	0.30359678182678657
COX7A2L	0.30336015144344536
ATF4	0.30336015144344536
KIF3A	0.3031235210601041
OPTN	0.3028868906767629
ECHS1	0.3028868906767629
PFKM	0.3026502602934217
KRT18	0.3026502602934217
S100A1	0.3021769995267392
RBFOX3	0.301940369143398
SIRT2	0.301940369143398
LAGE3	0.3017037387600568
UBE2V2	0.3017037387600568
HPCAL4	0.3014671083767156
IGFBP5	0.3012304779933743
LRP1	0.3012304779933743
ENTPD6	0.3009938476100331
FGF12	0.3005205868433507
TIMP2	0.30028395646000944
SYNPO	0.30004732607666823
GSTO1	0.30004732607666823
DHCR24	0.2993374349266446
PRELID1	0.29910080454330334
PNMA8B	0.29910080454330334
TFF1	0.29910080454330334
SCN2A	0.29886417415996214
ATP6V1D	0.29886417415996214
UBE2N	0.29862754377662093
ACYP2	0.29815428300993846
HPRT1	0.29815428300993846
CAMK2G	0.29815428300993846
PIP4K2B	0.29815428300993846
BAIAP2	0.29791765262659725
RAB11A	0.29768102224325604
NUPR1	0.29768102224325604
BNIP3L	0.2972077614765736
CD47	0.29673450070989116
TCEAL7	0.29673450070989116
P4HB	0.29673450070989116
RAB11B	0.29673450070989116
CNBP	0.29649787032654995
SORL1	0.2962612399432087
CCDC124	0.2962612399432087
FBXO44	0.2957879791765263
OAT	0.29555134879318506
RAB7A	0.2953147184098438
FAM3C	0.2953147184098438
MIEN1	0.2948414576431614
DIRAS1	0.2948414576431614
POLR2K	0.2943681968764789
ST13	0.2943681968764789
PALM	0.2941315664931377
SFPQ	0.2938949361097965
PWAR6	0.2938949361097965
HDAC5	0.2938949361097965
MT-ND6	0.2938949361097965
NTM	0.2936583057264553
SUMO3	0.29342167534311403
NISCH	0.2929484145764316
BRI3	0.2929484145764316
MAPK8IP3	0.2929484145764316
LRP3	0.29247515380974914
GNAI2	0.29200189304306673
SST	0.2915286322763843
SCRN1	0.29129200189304305
H2AFV	0.29129200189304305
SPOCK1	0.29081874112636064
NLK	0.29081874112636064
NRSN1	0.29058211074301943
PSMC3	0.29058211074301943
VTI1B	0.29058211074301943
APBA2	0.29010884997633696
SEPT4	0.28963558920965454
RPS4Y1	0.28963558920965454
LARP1	0.2893989588263133
ELMO1	0.2893989588263133
EGFL7	0.28916232844297207
MAPK9	0.28892569805963086
HRAS	0.28892569805963086
SNHG25	0.28892569805963086
NOP10	0.28868906767628966
HDGFL3	0.2882158069096072
SEC61B	0.28774254614292477
DAZAP2	0.28774254614292477
CCT4	0.2875059157595835
SLC24A2	0.2875059157595835
MICAL2	0.2875059157595835
GRK2	0.2875059157595835
PRRT1	0.2872692853762423
JPH3	0.2872692853762423
TCEAL3	0.2870326549929011
VSTM2L	0.2870326549929011
VEGFB	0.2867960246095599
SPCS2	0.2867960246095599
PSMD4	0.2863227638428774
CAPZA2	0.2863227638428774
CLSTN3	0.2863227638428774
SMIM29	0.2860861334595362
TMEM14A	0.285849503076195
MPPED1	0.28561287269285374
MRPL57	0.2851396119261713
TRIM37	0.2851396119261713
XRCC6	0.2849029815428301
FAM49A	0.28466635115948885
GNB2	0.28466635115948885
STMN4	0.28466635115948885
RRAGA	0.28466635115948885
IDI1	0.28466635115948885
FAM173A	0.28466635115948885
HAGH	0.28466635115948885
DPP6	0.28442972077614764
AQP4	0.28442972077614764
ZNF358	0.28442972077614764
TACC1	0.28419309039280644
NDUFV3	0.28395646000946523
RAB3C	0.283719829626124
NEUROD2	0.28348319924278276
NAP1L5	0.28324656885944155
ASAH1	0.28324656885944155
PDCD6	0.28277330809275913
HDLBP	0.28253667770941787
MAPK3	0.28253667770941787
USF2	0.28253667770941787
ROGDI	0.281590156176053
FDFT1	0.2813535257927118
PTP4A2	0.28088026502602936
TAPBP	0.28088026502602936
ARPC5L	0.28088026502602936
JPH4	0.28088026502602936
DMAC1	0.2806436346426881
C7orf50	0.2801703738760057
ACTR2	0.2796971131093232
SHISA4	0.279460482725982
ATCAY	0.279460482725982
ARL8B	0.2792238523426408
FHL1	0.2789872219592996
CXXC5	0.27875059157595833
PSIP1	0.2785139611926171
GPR162	0.2785139611926171
PRRT2	0.2785139611926171
ARHGEF4	0.2782773308092759
ABI2	0.2782773308092759
TMEM132A	0.2782773308092759
RAD23A	0.2782773308092759
SMAP2	0.2780407004259347
CUEDC2	0.2780407004259347
NDUFS3	0.27780407004259344
TF	0.27756743965925224
C1orf43	0.277330809275911
SELENOK	0.2770941788925698
MRPS26	0.2770941788925698
PLCB1	0.2770941788925698
HABP4	0.27662091812588735
RNASE1	0.27662091812588735
DNAJC5	0.27614765735920493
SSBP4	0.2759110269758637
ID2	0.27567439659252246
NUDCD3	0.27567439659252246
SRPK2	0.27543776620918126
GNAQ	0.27543776620918126
SEZ6L	0.27543776620918126
EIF3H	0.2747278750591576
FRRS1L	0.2747278750591576
HNRNPH2	0.27449124467581637
PKIG	0.2737813535257927
UBE2QL1	0.2735447231424515
EIF3L	0.2735447231424515
TMEM30A	0.2733080927591103
NUAK1	0.2733080927591103
CNRIP1	0.27307146237576907
BIN1	0.27307146237576907
YPEL5	0.2728348319924278
TESPA1	0.2728348319924278
PTPRA	0.2718883104590629
FAM162A	0.2716516800757217
PODXL2	0.2711784193090393
C6orf62	0.2711784193090393
ERH	0.2711784193090393
TSPAN13	0.27094178892569803
AHCYL1	0.2704685281590156
ELAVL4	0.2702318977756744
GUCY1B1	0.2702318977756744
FKBP3	0.2702318977756744
CCDC92	0.26999526739233315
AP1S1	0.2692853762423095
CLDND1	0.2690487458589683
SSBP3	0.26881211547562706
ABAT	0.26881211547562706
TCF4	0.26881211547562706
PRDX3	0.26857548509228585
PCDH9	0.26857548509228585
GRIN2A	0.26833885470894464
NUDT3	0.26810222432560343
LYNX1	0.26810222432560343
ATXN7L3B	0.26786559394226217
UNC13A	0.26762896355892096
SRSF9	0.26739233317557976
MT1G	0.26739233317557976
LONRF2	0.26715570279223855
PIK3R1	0.2669190724088973
FKBP4	0.2669190724088973
CADM3	0.2666824420255561
FGD5-AS1	0.2666824420255561
CLASP2	0.2666824420255561
CELF2	0.26644581164221487
UROS	0.26644581164221487
ATN1	0.26644581164221487
ABHD14A	0.26620918125887366
RUFY3	0.2659725508755324
ITPR1	0.2657359204921912
SYNPR	0.2657359204921912
CYB5R3	0.2657359204921912
NDUFA10	0.26549929010885
DOC2A	0.26549929010885
P4HTM	0.2650260293421675
UBE2B	0.2650260293421675
DYNC1I1	0.2650260293421675
CSNK1A1	0.2645527685754851
HSPA1A	0.2643161381921439
NDN	0.2643161381921439
TMEM205	0.2643161381921439
SUMO1	0.2636062470421202
PSMD7	0.2636062470421202
CDC37	0.2636062470421202
AZIN1	0.263369616658779
SRSF5	0.263369616658779
RCN2	0.26313298627543774
CELSR2	0.26289635589209653
UBE2L3	0.26289635589209653
PIP5K1C	0.2626597255087553
KIFC2	0.2624230951254141
AP2B1	0.2624230951254141
UFC1	0.26218646474207286
PBX1	0.26218646474207286
PRKCE	0.26194983435873165
RAP1GDS1	0.26194983435873165
FIBP	0.26171320397539044
NME3	0.26171320397539044
CHMP2A	0.26171320397539044
ADAR	0.261239943208708
UBE2D2	0.261239943208708
MRPS34	0.261239943208708
PGP	0.26100331282536676
TMX4	0.26100331282536676
SLC25A11	0.26076668244202555
SON	0.26076668244202555
PTK2B	0.26053005205868435
PGM2L1	0.26053005205868435
NFIX	0.26053005205868435
EIF4B	0.26029342167534314
NEGR1	0.25982016090866067
PFKL	0.25982016090866067
KALRN	0.25958353052531946
A2M	0.25958353052531946
TCP1	0.25934690014197825
RNF208	0.25934690014197825
ADGRL1	0.25934690014197825
GABRG2	0.259110269758637
SLC25A22	0.259110269758637
RAB14	0.2588736393752958
UBXN6	0.2588736393752958
SLC6A17	0.2586370089919546
AKR1B1	0.25840037860861337
GDI2	0.25840037860861337
MYCBP2	0.25840037860861337
GIT1	0.2581637482252721
SYT7	0.2579271178419309
ZMAT2	0.2576904874585897
FBXW5	0.2576904874585897
MPRIP	0.2574538570752485
SMARCA2	0.2572172266919072
CHP1	0.2572172266919072
NUCB1	0.256980596308566
FDPS	0.2567439659252248
PSMA1	0.2567439659252248
VPS51	0.2565073355418836
HSPD1	0.2560340747752011
NARS	0.2560340747752011
AZGP1	0.2557974443918599
VCP	0.2557974443918599
GSK3A	0.2557974443918599
CDK5R2	0.2555608140085187
SRSF3	0.2555608140085187
ARPC1A	0.25508755324183624
VXN	0.25508755324183624
MRPL28	0.2546142924751538
GAD1	0.25437766209181256
C11orf87	0.25437766209181256
ANXA7	0.25437766209181256
DNAJC8	0.25414103170847135
COPS6	0.25390440132513015
PDE2A	0.25390440132513015
ETFB	0.25366777094178894
MBNL2	0.25343114055844773
PRPF8	0.25343114055844773
DNER	0.25319451017510647
TSTD1	0.25295787979176526
MYT1L	0.25295787979176526
OLA1	0.25295787979176526
TRAPPC2L	0.25272124940842405
PCP4	0.25272124940842405
SRM	0.25248461902508285
PRRC2B	0.25248461902508285
CENPX	0.25248461902508285
RIMS3	0.2522479886417416
AP2A2	0.2522479886417416
ISG15	0.25177472787505917
SYNJ1	0.25177472787505917
CCT3	0.25153809749171796
TIMM17A	0.25153809749171796
RAB5B	0.25153809749171796
NREP	0.2513014671083767
DDB1	0.2513014671083767
TXNL1	0.2513014671083767
EPB41L3	0.2510648367250355
SDCBP	0.2508282063416943
TUBG2	0.2505915759583531
MRPL12	0.2505915759583531
NCL	0.2503549455750118
PSMD2	0.2503549455750118
CDC42SE2	0.2503549455750118
PPP2R5C	0.2503549455750118
UBL3	0.2501183151916706
DGCR6L	0.2501183151916706
C1orf115	0.2498816848083294
CHMP4B	0.2498816848083294
GRB2	0.24964505442498816
BABAM1	0.24964505442498816
PPP1R9B	0.24917179365830572
ITPKA	0.2489351632749645
MAN1A2	0.24846190250828207
TAX1BP1	0.24846190250828207
CACNG3	0.24846190250828207
SMIM26	0.24846190250828207
CHD5	0.24822527212494083
MSMO1	0.24822527212494083
CD99L2	0.24822527212494083
BCAN	0.24798864174159962
SNHG8	0.24798864174159962
NDFIP2	0.24798864174159962
PDIA3	0.24798864174159962
BRWD1	0.24798864174159962
KCNF1	0.24751538097491718
RAP1GAP	0.24727875059157595
NAXE	0.24727875059157595
HSD11B1L	0.24727875059157595
COX20	0.24704212020823474
SYT13	0.2468054898248935
ACSL3	0.2465688594415523
LGI3	0.2465688594415523
BTBD2	0.2465688594415523
PCNP	0.24609559867486985
LAMP1	0.24609559867486985
AHSA1	0.24609559867486985
MKL2	0.24609559867486985
ACTN4	0.24609559867486985
AGT	0.24585896829152865
CDK5	0.24585896829152865
MRPL52	0.24585896829152865
IFI27L2	0.24585896829152865
ALKBH7	0.24585896829152865
MT1M	0.2456223379081874
ARF5	0.2453857075248462
GAMT	0.24514907714150497
BRSK1	0.24514907714150497
C8orf59	0.24443918599148132
MADD	0.24443918599148132
CDIPT	0.24443918599148132
DLG4	0.24420255560814008
NDUFA7	0.24420255560814008
PAQR6	0.24372929484145764
SRRM2	0.24372929484145764
KCNQ2	0.24372929484145764
PTPRF	0.24349266445811643
ITGB1BP1	0.24349266445811643
ECH1	0.24349266445811643
TUSC2	0.2432560340747752
SLU7	0.2432560340747752
FBXL15	0.2432560340747752
GSTM3	0.243019403691434
BAIAP3	0.24278277330809275
NPEPPS	0.24278277330809275
ATPAF1	0.24254614292475155
MAL2	0.24254614292475155
SSNA1	0.24254614292475155
ABHD12	0.2420728821580691
TOMM22	0.2420728821580691
SPTBN2	0.24183625177472787
CSPG5	0.24159962139138666
AMPH	0.24136299100804542
APRT	0.24136299100804542
FAM168B	0.24112636062470422
DDX3X	0.24112636062470422
NAP1L4	0.24112636062470422
GABRB3	0.24112636062470422
ABCA2	0.24088973024136298
ACTR1A	0.24088973024136298
EIF1AX	0.24065309985802177
HACD3	0.24065309985802177
DDRGK1	0.24041646947468054
CAP1	0.2399432087079981
PIANP	0.2399432087079981
GOT2	0.2399432087079981
DDX1	0.2397065783246569
FAM234B	0.23923331755797445
UBQLN1	0.2389966871746332
ISCA1	0.2389966871746332
RNF220	0.238760056791292
VPS29	0.238760056791292
SUCLA2	0.238760056791292
NDUFS4	0.23852342640795077
EIF3I	0.23805016564126835
HMOX2	0.2375769048745859
PPP3R1	0.23734027449124467
CHMP5	0.23734027449124467
TALDO1	0.23710364410790347
PITPNA	0.23710364410790347
OLIG1	0.23710364410790347
SAT2	0.23686701372456223
FABP5	0.23663038334122102
RPS27L	0.23663038334122102
PPP1R7	0.2363937529578798
SDHA	0.2363937529578798
MRPL55	0.23615712257453858
HP1BP3	0.23592049219119735
DNAJB2	0.23592049219119735
COPS8	0.23592049219119735
DUSP3	0.23592049219119735
PRMT2	0.23592049219119735
KIAA1549L	0.23568386180785614
RAB1B	0.23568386180785614
HLF	0.2352106010411737
PAFAH1B2	0.23497397065783246
TPM1	0.23473734027449125
ZFR	0.23450070989115002
HSPA12A	0.23450070989115002
NUDT14	0.23450070989115002
PSMF1	0.23450070989115002
PRKCG	0.23450070989115002
TPD52	0.2342640795078088
SDHC	0.23402744912446757
HDDC2	0.23402744912446757
WASL	0.23402744912446757
KCNMB4	0.23402744912446757
CX3CL1	0.23379081874112637
PRKCA	0.23379081874112637
BTBD8	0.23355418835778513
EHD3	0.23355418835778513
NEAT1	0.23355418835778513
ZFAS1	0.23355418835778513
EWSR1	0.23355418835778513
INF2	0.23331755797444392
RABL6	0.2330809275911027
CCT2	0.2330809275911027
RTN4R	0.2330809275911027
TIMM8B	0.23237103644107904
RAB11FIP4	0.23237103644107904
TMEM230	0.23237103644107904
SNTA1	0.23237103644107904
EIF2S2	0.23237103644107904
SCARB2	0.2321344060577378
ADGRB1	0.2321344060577378
ARL3	0.2321344060577378
KCNC2	0.2321344060577378
HBA2	0.2321344060577378
SF1	0.2318977756743966
ABHD8	0.2318977756743966
NOP53	0.2318977756743966
ARL8A	0.23166114529105536
PPP2R2B	0.23166114529105536
ANKH	0.23142451490771415
DEAF1	0.23142451490771415
TKT	0.23118788452437292
ZYG11B	0.2307146237576905
MT1X	0.2307146237576905
PMVK	0.23047799337434927
PSMC1	0.23047799337434927
EIF4G3	0.23024136299100806
LAMTOR2	0.23024136299100806
SFXN5	0.23024136299100806
PUF60	0.23024136299100806
PPP1R1B	0.23024136299100806
SEPT2	0.23000473260766682
GLO1	0.23000473260766682
CCM2	0.23000473260766682
RAP2A	0.23000473260766682
NUTF2	0.23000473260766682
SF3B5	0.22976810222432562
KCNA2	0.22953147184098438
NSG1	0.22953147184098438
CTTN	0.22929484145764317
RNF7	0.22905821107430194
COPS7A	0.22905821107430194
ZCRB1	0.22905821107430194
EFR3A	0.22882158069096073
NCOA7	0.2283483199242783
GPAA1	0.2283483199242783
TBL1XR1	0.22811168954093705
WAC	0.22811168954093705
MFSD4A	0.22787505915759584
IL6ST	0.22787505915759584
UQCC2	0.22787505915759584
CDK16	0.2276384287742546
FNDC4	0.2274017983909134
CTNNA2	0.2274017983909134
STK25	0.2274017983909134
PTGES2	0.2274017983909134
SELENOT	0.22716516800757217
NRXN2	0.22716516800757217
GDA	0.22692853762423096
DNM3	0.22669190724088972
GRSF1	0.22645527685754852
POLR2F	0.22645527685754852
AP3S1	0.22621864647420728
SPIN1	0.22621864647420728
ZER1	0.22621864647420728
VPS4A	0.22574538570752484
NDUFS1	0.22550875532418363
DHX30	0.22550875532418363
TMEM151B	0.22550875532418363
ELMOD1	0.22550875532418363
NOVA1	0.22550875532418363
FAM49B	0.2252721249408424
EIF3F	0.2250354945575012
CNPY2	0.2250354945575012
RPN1	0.22479886417415995
MOCS2	0.22479886417415995
CYSTM1	0.22479886417415995
BAG6	0.22479886417415995
OGA	0.22479886417415995
RBFOX2	0.22479886417415995
SERP1	0.22456223379081874
PFDN1	0.22456223379081874
RAB40B	0.22456223379081874
SHISA5	0.2243256034074775
ERP29	0.2243256034074775
OAZ2	0.2243256034074775
AAK1	0.2240889730241363
ADAP1	0.2240889730241363
CHST1	0.2240889730241363
ARPP21	0.22385234264079507
DTX3	0.22385234264079507
CISD3	0.22385234264079507
SDHB	0.22361571225745386
PRR13	0.22361571225745386
AKAP11	0.22361571225745386
CASKIN1	0.22337908187411262
NCOR1	0.22337908187411262
RAB5C	0.22337908187411262
LDB2	0.22314245149077142
TM2D3	0.22314245149077142
FAM171B	0.2229058211074302
C12orf76	0.2229058211074302
MRPL54	0.2229058211074302
PDE4DIP	0.22195929957406532
NFE2L1	0.22195929957406532
EIF3G	0.22195929957406532
SERBP1	0.2217226691907241
LSM3	0.2217226691907241
POLR2J	0.2217226691907241
WASF3	0.2217226691907241
CADPS	0.22148603880738288
PSMB2	0.22124940842404164
HNRNPD	0.22101277804070044
MRPL21	0.22101277804070044
DBNDD1	0.2207761476573592
TPGS2	0.2207761476573592
SF3B2	0.220539517274018
DCAF6	0.22030288689067676
KHDRBS3	0.22030288689067676
CBR1	0.22030288689067676
NFIC	0.22006625650733555
ZNF428	0.22006625650733555
PPT1	0.21982962612399432
SSR2	0.2195929957406531
SNX17	0.2195929957406531
CBX3	0.21935636535731187
TIMM10	0.21935636535731187
LRRC4B	0.21935636535731187
PTPN11	0.21911973497397066
NRXN3	0.21911973497397066
NECAP1	0.21888310459062943
ZNF706	0.21864647420728822
CORO2B	0.21864647420728822
SBDS	0.218409843823947
SNRPE	0.21817321344060578
FBXO9	0.21817321344060578
PDAP1	0.21817321344060578
UBE2S	0.21817321344060578
TMEM256	0.21793658305726454
FARSA	0.21793658305726454
MPC1	0.21769995267392334
RAPGEF4	0.2174633222905821
SEPT11	0.2174633222905821
DNAJA2	0.2174633222905821
PDK2	0.2174633222905821
ANKRD12	0.2174633222905821
APMAP	0.2174633222905821
RAMP1	0.2172266919072409
RAD23B	0.2172266919072409
C16orf72	0.2172266919072409
SEMA6B	0.2172266919072409
PPP1R14A	0.2172266919072409
CFAP36	0.21699006152389966
TMEM178A	0.21675343114055845
SH3BGRL	0.21675343114055845
FAM171A1	0.21675343114055845
RNF181	0.21651680075721721
CCT5	0.21651680075721721
PHB	0.21651680075721721
SATB1	0.216280170373876
KLC2	0.216280170373876
ERLEC1	0.21604353999053477
IDH3G	0.21604353999053477
RASGRF1	0.21604353999053477
GCSH	0.21604353999053477
LDOC1	0.21580690960719356
CMAS	0.21580690960719356
APC2	0.21580690960719356
ANKS1B	0.21557027922385233
PRMT1	0.21557027922385233
KIDINS220	0.21533364884051112
HBB	0.21509701845716991
TSPAN5	0.21486038807382868
PRRC2A	0.21486038807382868
BAG1	0.21486038807382868
PAXX	0.21486038807382868
ATRNL1	0.21486038807382868
FDX2	0.21462375769048747
UBQLN2	0.21438712730714624
MOBP	0.21415049692380503
DST	0.2139138665404638
PCSK2	0.2139138665404638
DUT	0.21367723615712259
KRT10	0.21367723615712259
PPM1A	0.21344060577378135
COL1A1	0.21344060577378135
YIPF3	0.2129673450070989
GALNT17	0.2129673450070989
RANBP1	0.2127307146237577
ATP2B4	0.21249408424041646
ADD2	0.21249408424041646
EPHA4	0.21249408424041646
DPP7	0.21249408424041646
PSMD1	0.21225745385707526
ASPH	0.21225745385707526
UBL7	0.21225745385707526
PSMA4	0.21225745385707526
FADS2	0.21202082347373402
CMIP	0.21202082347373402
ZC3H15	0.21131093232371037
CNTNAP2	0.21131093232371037
FTO	0.21131093232371037
SLC39A6	0.21131093232371037
WDR82	0.21107430194036914
ATRX	0.21083767155702793
FUNDC2	0.21083767155702793
TMED10	0.21083767155702793
CAMTA2	0.21083767155702793
MRPL34	0.21083767155702793
MEF2D	0.2106010411736867
DYNC1LI2	0.2106010411736867
SERPINF1	0.21036441079034549
AP3D1	0.21036441079034549
ILF2	0.20989115002366304
HS6ST1	0.20989115002366304
SLC4A10	0.20989115002366304
ANKRD9	0.20989115002366304
GLG1	0.20989115002366304
ENOPH1	0.2096545196403218
RBM39	0.2096545196403218
HNRNPM	0.2096545196403218
ENY2	0.2094178892569806
ANK3	0.2094178892569806
SRSF2	0.2094178892569806
TMEM248	0.20918125887363936
GPRASP1	0.20918125887363936
PLA2G16	0.20918125887363936
PHB2	0.20918125887363936
TMED2	0.20918125887363936
MRPL27	0.20918125887363936
TNPO2	0.20918125887363936
WRB	0.20918125887363936
L1CAM	0.20894462849029816
LAPTM4A	0.20870799810695692
SAA1	0.20870799810695692
CNDP2	0.20870799810695692
SLC9A6	0.2084713677236157
SESN3	0.2084713677236157
ANXA11	0.2084713677236157
BLVRB	0.2084713677236157
ETS2	0.2084713677236157
FAM200B	0.20823473734027448
CAMLG	0.20823473734027448
CS	0.20823473734027448
EMC10	0.20823473734027448
TFPT	0.20823473734027448
NONO	0.20799810695693327
GRHPR	0.20776147657359204
AKAP12	0.20752484619025083
ARPC5	0.20728821580690962
TSPYL2	0.20728821580690962
DYNC1I2	0.20705158542356839
THOC7	0.20705158542356839
LYSMD2	0.20705158542356839
APOC1	0.20705158542356839
FN1	0.20681495504022718
CAMK1	0.20681495504022718
GPX3	0.20657832465688594
PNCK	0.20657832465688594
RPRD1A	0.20657832465688594
PEX5L	0.20634169427354473
PPME1	0.20634169427354473
SLC8A2	0.20634169427354473
ZSCAN18	0.2061050638902035
CLPTM1L	0.2058684335068623
RAB18	0.2058684335068623
ARHGEF7	0.2058684335068623
KLHDC2	0.2058684335068623
CDS2	0.2058684335068623
IGSF21	0.20563180312352106
CNKSR2	0.20563180312352106
TCEAL6	0.20563180312352106
C11orf49	0.20563180312352106
TYRO3	0.20563180312352106
ASPHD1	0.20563180312352106
NT5C3B	0.20563180312352106
ACP1	0.20539517274017985
PCDH7	0.20539517274017985
MAT2B	0.20539517274017985
PLPPR2	0.20539517274017985
SCN2B	0.2051585423568386
LRRC75A	0.2051585423568386
PYURF	0.2049219119734974
PPP1R1A	0.2049219119734974
MAP2K4	0.2049219119734974
AP2A1	0.2049219119734974
KCTD17	0.2049219119734974
DNAJC19	0.20468528159015617
C11orf58	0.20468528159015617
SLC9A3R1	0.20444865120681496
UBE2E3	0.20421202082347373
EIF4E	0.20421202082347373
TSR2	0.20421202082347373
PHF24	0.20421202082347373
BCL2L2	0.20421202082347373
WIPI2	0.20397539044013252
ARHGEF9	0.20397539044013252
PRR36	0.20397539044013252
FAM19A5	0.20397539044013252
GLRB	0.20373876005679128
DNM1L	0.20373876005679128
GNPTG	0.20373876005679128
RHOC	0.20326549929010884
TIMM17B	0.20326549929010884
METTL9	0.20326549929010884
IGFBP4	0.20326549929010884
MEAF6	0.20302886890676763
GTF3A	0.20302886890676763
GATM	0.2027922385234264
FLOT2	0.2025556081400852
RTF2	0.20231897775674396
PDIA6	0.20208234737340275
PCLO	0.20208234737340275
SVIP	0.20208234737340275
AGAP2	0.20208234737340275
ASNA1	0.20208234737340275
MAP1S	0.20208234737340275
CAB39	0.2018457169900615
SAR1A	0.2018457169900615
MAGEH1	0.2016090866067203
RAD21	0.2016090866067203
TRIM28	0.2016090866067203
CHMP3	0.20137245622337907
TMEM14C	0.20137245622337907
RPN2	0.20137245622337907
RERE	0.20113582584003786
HLA-E	0.20113582584003786
COL1A2	0.20113582584003786
FGF13	0.20113582584003786
HSPB8	0.20113582584003786
SNRPB	0.20113582584003786
WDR47	0.20089919545669663
AGPAT1	0.20089919545669663
VSTM2A	0.20089919545669663
TM7SF2	0.20089919545669663
CAMK1D	0.20089919545669663
ACTR10	0.20089919545669663
SNRPG	0.20066256507335542
SNRPC	0.20066256507335542
ATXN7L3	0.20066256507335542
GNAZ	0.20066256507335542
SUCLG1	0.20042593469001418
GFOD1	0.20042593469001418
AL162231.1	0.20042593469001418
NCAM2	0.20042593469001418
YARS	0.20018930430667298
TM9SF3	0.20018930430667298
MYH9	0.20018930430667298
